titles,urls
Giá vàng lại tăng vượt 100 triệu đồng/lượng,https://dantri.com.vn/kinh-doanh/gia-vang-lai-tang-vuot-100-trieu-dongluong-20250327235124084.htm
"Giá vàng rớt khỏi đỉnh kỷ lục 100,7 triệu đồng/lượng",https://dantri.com.vn/kinh-doanh/gia-vang-rot-khoi-dinh-ky-luc-1007-trieu-dongluong-20250328222439382.htm
Giá vàng tăng 3 phiên liên tiếp,https://dantri.com.vn/kinh-doanh/gia-vang-tang-3-phien-lien-tiep-20250327013331762.htm
Giá vàng tăng đồng loạt,https://dantri.com.vn/kinh-doanh/gia-vang-tang-dong-loat-20250304012714392.htm
Giá vàng nhẫn lên đỉnh,https://dantri.com.vn/kinh-doanh/gia-vang-nhan-len-dinh-20250307072016585.htm
Giá vàng mất mốc 96 triệu đồng/lượng,https://dantri.com.vn/kinh-doanh/gia-vang-mat-moc-96-trieu-dongluong-20250315004132411.htm
Giá vàng nhẫn trơn vượt 101 triệu đồng/lượng,https://dantri.com.vn/kinh-doanh/gia-vang-nhan-tron-vuot-101-trieu-dongluong-20250320011007033.htm
Giá vàng tăng vượt 98 triệu đồng/lượng,https://dantri.com.vn/kinh-doanh/gia-vang-tang-vuot-98-trieu-dongluong-20250318004527449.htm
Tuần giảm mạnh của giá vàng,https://dantri.com.vn/kinh-doanh/tuan-giam-manh-cua-gia-vang-20250301233836226.htm
"Giá vàng trong nước, thế giới rời ngưỡng quan trọng",https://dantri.com.vn/kinh-doanh/gia-vang-trong-nuoc-the-gioi-roi-nguong-quan-trong-20250311005203021.htm
Giá vàng rời xa đỉnh kỷ lục,https://dantri.com.vn/kinh-doanh/gia-vang-roi-xa-dinh-ky-luc-20250324065946457.htm
Tuần xô đổ mọi kỷ lục của giá vàng,https://dantri.com.vn/kinh-doanh/tuan-xo-do-moi-ky-luc-cua-gia-vang-20250315232907705.htm
"Giá vàng bất ngờ giảm mạnh, USD bật tăng",https://dantri.com.vn/kinh-doanh/gia-vang-bat-ngo-giam-manh-usd-bat-tang-20250228231651469.htm
"Tuần lập đỉnh của giá vàng miếng, vàng nhẫn",https://dantri.com.vn/kinh-doanh/tuan-lap-dinh-cua-gia-vang-mieng-vang-nhan-20250309005654414.htm
Bóc lý do giá vàng tăng vượt 2.900 USD/ounce,https://dantri.com.vn/kinh-doanh/boc-ly-do-gia-vang-tang-vuot-2900-usdounce-20250310141606042.htm
Nên làm gì khi giá vàng nhẫn vượt 100 triệu đồng/lượng?,https://dantri.com.vn/kinh-doanh/nen-lam-gi-khi-gia-vang-nhan-vuot-100-trieu-dongluong-20250319161835220.htm
Giá vàng thế giới tăng đột biến,https://dantri.com.vn/kinh-doanh/gia-vang-the-gioi-tang-dot-bien-20241210002403256.htm
"Giá vàng ""bốc hơi"" 1,1 triệu đồng sau 3 ngày",https://dantri.com.vn/kinh-doanh/gia-vang-boc-hoi-11-trieu-dong-sau-3-ngay-20250228070351352.htm
Giá vàng thế giới vượt 2.700 USD/ounce,https://dantri.com.vn/kinh-doanh/gia-vang-the-gioi-vuot-2700-usdounce-20250117002933432.htm
Giá vàng nhẫn tiếp tục tăng,https://dantri.com.vn/kinh-doanh/gia-vang-nhan-tiep-tuc-tang-20241204234854443.htm
Giá vàng bật tăng lại,https://dantri.com.vn/kinh-doanh/gia-vang-bat-tang-lai-20241204025521335.htm
Giá vàng nhẫn tăng lập đỉnh lịch sử,https://dantri.com.vn/kinh-doanh/gia-vang-nhan-tang-lap-dinh-lich-su-20250204003119270.htm
"Giá vàng miếng, vàng nhẫn phục hồi",https://dantri.com.vn/kinh-doanh/gia-vang-mieng-vang-nhan-phuc-hoi-20241207004944355.htm
"Giá vàng nhẫn tăng vọt, lập kỷ lục gần 94 triệu đồng",https://dantri.com.vn/kinh-doanh/gia-vang-nhan-tang-vot-lap-ky-luc-gan-94-trieu-dong-20250306004404859.htm
Giá vàng đi về đâu sau tuần tăng mạnh?,https://dantri.com.vn/kinh-doanh/gia-vang-di-ve-dau-sau-tuan-tang-manh-20250111212758166.htm
"Giá vàng bật tăng, USD có diễn biến lạ",https://dantri.com.vn/kinh-doanh/gia-vang-bat-tang-usd-co-dien-bien-la-20250224235013944.htm
Giá vàng giảm mạnh sau khi lập đỉnh lịch sử,https://dantri.com.vn/kinh-doanh/gia-vang-giam-manh-sau-khi-lap-dinh-lich-su-20250222000844689.htm
"Giá vàng đồng loạt lao dốc, giá bán USD tăng",https://dantri.com.vn/kinh-doanh/gia-vang-dong-loat-lao-doc-gia-ban-usd-tang-20250227000423345.htm
Giá vàng giảm 200.000 đồng/lượng lễ Giáng sinh,https://dantri.com.vn/kinh-doanh/gia-vang-giam-200000-dongluong-le-giang-sinh-20241225061355297.htm
Giá vàng miếng sụt mạnh về vùng 90 triệu đồng/lượng,https://dantri.com.vn/kinh-doanh/gia-vang-mieng-sut-manh-ve-vung-90-trieu-dongluong-20250212052152690.htm
"Giá vàng miếng quay lại mức đỉnh lịch sử 93,1 triệu đồng/lượng",https://dantri.com.vn/kinh-doanh/gia-vang-mieng-quay-lai-muc-dinh-lich-su-931-trieu-dongluong-20250308012022572.htm
Giá vàng trượt khỏi đỉnh lịch sử,https://dantri.com.vn/kinh-doanh/gia-vang-truot-khoi-dinh-lich-su-20241028221335401.htm
"Giá vàng thế giới phá đỉnh lịch sử 3.000 USD/ounce, chuyên gia cảnh báo",https://dantri.com.vn/kinh-doanh/gia-vang-the-gioi-pha-dinh-lich-su-3000-usdounce-chuyen-gia-canh-bao-20250314204344125.htm
Giá vàng miếng SJC lên 87 triệu đồng/lượng,https://dantri.com.vn/kinh-doanh/gia-vang-mieng-sjc-len-87-trieu-dongluong-20250116003705770.htm
"Giá vàng tăng vọt 1,7 triệu đồng/lượng, vàng nhẫn lập đỉnh mới",https://dantri.com.vn/kinh-doanh/gia-vang-tang-vot-17-trieu-dongluong-vang-nhan-lap-dinh-moi-20250305071332531.htm
"Giá vàng lập kỷ lục chưa từng có, vàng nhẫn vượt 93 triệu đồng/lượng",https://dantri.com.vn/kinh-doanh/gia-vang-lap-ky-luc-chua-tung-co-vang-nhan-vuot-93-trieu-dongluong-20250312071019234.htm
"Giá vàng miếng, vàng nhẫn đồng loạt đi xuống",https://dantri.com.vn/kinh-doanh/gia-vang-mieng-vang-nhan-dong-loat-di-xuong-20241202030703341.htm
Giá vàng trong nước và thế giới đồng loạt lao dốc,https://dantri.com.vn/kinh-doanh/gia-vang-trong-nuoc-va-the-gioi-dong-loat-lao-doc-20250226070542577.htm
Giá vàng tăng trở lại vào ngày vía Thần Tài,https://dantri.com.vn/kinh-doanh/gia-vang-tang-tro-lai-vao-ngay-via-than-tai-20250207022205569.htm
"Giá vàng giảm tiếp 1,2 triệu đồng/lượng",https://dantri.com.vn/kinh-doanh/gia-vang-giam-tiep-12-trieu-dongluong-20241216040148500.htm
Giá vàng nhẫn trơn tăng vụt,https://dantri.com.vn/kinh-doanh/gia-vang-nhan-tron-tang-vut-20240928001154869.htm
"Giá vàng miếng, vàng nhẫn cùng đứng im",https://dantri.com.vn/kinh-doanh/gia-vang-mieng-vang-nhan-cung-dung-im-20241226023430707.htm
"Giá vàng lao dốc, giá USD ngân hàng lập đỉnh mới",https://dantri.com.vn/kinh-doanh/gia-vang-lao-doc-gia-usd-ngan-hang-lap-dinh-moi-20250212234246583.htm
"Giá vàng tăng vọt, người dân lao ra biển tìm vàng nhẫn do khách đánh rơi",https://dantri.com.vn/doi-song/gia-vang-tang-vot-nguoi-dan-lao-ra-bien-tim-vang-nhan-do-khach-danh-roi-20250313120307437.htm
Giá vàng tăng vụt,https://dantri.com.vn/kinh-doanh/gia-vang-tang-vut-20240813002445234.htm
"Giá vàng miếng, vàng nhẫn cùng lao dốc",https://dantri.com.vn/kinh-doanh/gia-vang-mieng-vang-nhan-cung-lao-doc-20241217001602771.htm
Giá vàng nhẫn tăng 200.000 đồng/lượng sau phiên giảm,https://dantri.com.vn/kinh-doanh/gia-vang-nhan-tang-200000-dongluong-sau-phien-giam-20241202232513154.htm
"Giá vàng vượt 2.700 USD, lên cao nhất 4 tuần",https://dantri.com.vn/kinh-doanh/gia-vang-vuot-2700-usd-len-cao-nhat-4-tuan-20250110220113628.htm
Giá vàng nhẫn vượt 86 triệu đồng/lượng,https://dantri.com.vn/kinh-doanh/gia-vang-nhan-vuot-86-trieu-dongluong-20241123001303048.htm
Giá vàng dứt đà tăng,https://dantri.com.vn/kinh-doanh/gia-vang-dut-da-tang-20250114001521495.htm
"Giá vàng 3 ngày tăng 2 triệu đồng, nhà đầu tư nên làm gì?",https://dantri.com.vn/kinh-doanh/gia-vang-3-ngay-tang-2-trieu-dong-nha-dau-tu-nen-lam-gi-20250219163330040.htm
"Giá vàng tụt mạnh, rời xa mốc 100 triệu đồng/lượng",https://dantri.com.vn/kinh-doanh/gia-vang-tut-manh-roi-xa-moc-100-trieu-dongluong-20250321020159269.htm
Giá vàng bất ngờ lặng im,https://dantri.com.vn/kinh-doanh/gia-vang-bat-ngo-lang-im-20241025013709415.htm
"Giá vàng miếng, vàng nhẫn đồng loạt tăng",https://dantri.com.vn/kinh-doanh/gia-vang-mieng-vang-nhan-dong-loat-tang-20241130001858744.htm
Giá vàng nhẫn kéo dài đà giảm,https://dantri.com.vn/kinh-doanh/gia-vang-nhan-keo-dai-da-giam-20241106010153241.htm
Giá vàng rủ nhau tăng,https://dantri.com.vn/kinh-doanh/gia-vang-ru-nhau-tang-20250108070752459.htm
"Giá vàng giảm mạnh cuối tuần, dự báo sắp tới ra sao?",https://dantri.com.vn/kinh-doanh/gia-vang-giam-manh-cuoi-tuan-du-bao-sap-toi-ra-sao-20250215213353061.htm
Giá vàng nhẫn tiến sát mốc 95 triệu đồng/lượng,https://dantri.com.vn/kinh-doanh/gia-vang-nhan-tien-sat-moc-95-trieu-dongluong-20250312222706030.htm
Giá vàng thế giới tăng vùn vụt,https://dantri.com.vn/kinh-doanh/gia-vang-the-gioi-tang-vun-vut-20241002223500113.htm
Dự báo bất ngờ về giá vàng sau tuần chao đảo,https://dantri.com.vn/kinh-doanh/du-bao-bat-ngo-ve-gia-vang-sau-tuan-chao-dao-20241222010358036.htm
"Giá vàng miếng, vàng nhẫn đồng loạt giảm",https://dantri.com.vn/kinh-doanh/gia-vang-mieng-vang-nhan-dong-loat-giam-20241126002208845.htm
"Giá vàng thế giới tăng không ngừng, sắp tới sẽ ra sao?",https://dantri.com.vn/kinh-doanh/gia-vang-the-gioi-tang-khong-ngung-sap-toi-se-ra-sao-20250218202624400.htm
Giá vàng thế giới bật tăng mạnh,https://dantri.com.vn/kinh-doanh/gia-vang-the-gioi-bat-tang-manh-20241025225119765.htm
Giá vàng miếng SJC lập đỉnh trên 96 triệu đồng/lượng,https://dantri.com.vn/kinh-doanh/gia-vang-mieng-sjc-lap-dinh-tren-96-trieu-dongluong-20250317020441294.htm
"Giá vàng tăng 1,3 triệu đồng/lượng phiên đầu năm",https://dantri.com.vn/kinh-doanh/gia-vang-tang-13-trieu-dongluong-phien-dau-nam-20250103065319828.htm
Dự báo bất ngờ về giá vàng sau khi phá đỉnh lịch sử,https://dantri.com.vn/kinh-doanh/du-bao-bat-ngo-ve-gia-vang-sau-khi-pha-dinh-lich-su-20250323003644017.htm
"Giá vàng vọt tăng, USD hạ nhiệt",https://dantri.com.vn/kinh-doanh/gia-vang-vot-tang-usd-ha-nhiet-20250217231132258.htm
"Giá vàng nhẫn lập đỉnh mới, tăng hơn 7 triệu đồng/lượng so với đầu năm",https://dantri.com.vn/kinh-doanh/gia-vang-nhan-lap-dinh-moi-tang-hon-7-trieu-dongluong-so-voi-dau-nam-20250221065945817.htm
Giá vàng miếng tăng 900.000 đồng/lượng sau một tuần,https://dantri.com.vn/kinh-doanh/gia-vang-mieng-tang-900000-dongluong-sau-mot-tuan-20241230070048819.htm
"Giá vàng ""hưởng ứng"" ngày Black Friday: Giảm 200.000 đồng/lượng",https://dantri.com.vn/kinh-doanh/gia-vang-huong-ung-ngay-black-friday-giam-200000-dongluong-20241129021437355.htm
"Giá vàng miếng, vàng nhẫn bất ngờ tăng cả triệu đồng",https://dantri.com.vn/kinh-doanh/gia-vang-mieng-vang-nhan-bat-ngo-tang-ca-trieu-dong-20241119003904299.htm
"Tuần đầu năm mới: Giá vàng tăng 1,8 triệu đồng/lượng",https://dantri.com.vn/kinh-doanh/tuan-dau-nam-moi-gia-vang-tang-18-trieu-dongluong-20250106003401507.htm
Dự báo bất ngờ về giá vàng trong tuần đầu tiên năm 2025,https://dantri.com.vn/kinh-doanh/du-bao-bat-ngo-ve-gia-vang-trong-tuan-dau-tien-nam-2025-20241228230316433.htm
Giá vàng miếng giảm 500.000 đồng/lượng sau một tuần,https://dantri.com.vn/kinh-doanh/gia-vang-mieng-giam-500000-dongluong-sau-mot-tuan-20241209064008354.htm
Diễn biến bất ngờ của giá vàng: Tiến sát đỉnh lịch sử,https://dantri.com.vn/kinh-doanh/dien-bien-bat-ngo-cua-gia-vang-tien-sat-dinh-lich-su-20250125230621622.htm
"Giá vàng miếng SJC tăng 1,8 triệu đồng sau 2 phiên",https://dantri.com.vn/kinh-doanh/gia-vang-mieng-sjc-tang-18-trieu-dong-sau-2-phien-20250103170614891.htm
Giá vàng nhẫn mất mốc 80 triệu đồng/lượng,https://dantri.com.vn/kinh-doanh/gia-vang-nhan-mat-moc-80-trieu-dongluong-20241114001202948.htm
"Giá vàng quay đầu giảm 3 triệu đồng/lượng, người mua lỗ lớn",https://dantri.com.vn/kinh-doanh/gia-vang-quay-dau-giam-3-trieu-dongluong-nguoi-mua-lo-lon-20250322010013395.htm
Giá vàng nhẫn vượt 83 triệu đồng/lượng,https://dantri.com.vn/kinh-doanh/gia-vang-nhan-vuot-83-trieu-dongluong-20240927072100437.htm
"Giá vàng nhẫn tăng không ngừng, áp sát vàng miếng",https://dantri.com.vn/kinh-doanh/gia-vang-nhan-tang-khong-ngung-ap-sat-vang-mieng-20241023214347310.htm
Giá vàng tăng vọt ngày giáp Tết,https://dantri.com.vn/kinh-doanh/gia-vang-tang-vot-ngay-giap-tet-20250123231202088.htm
Giá vàng được dự báo sẽ tiếp tục giảm,https://dantri.com.vn/kinh-doanh/gia-vang-duoc-du-bao-se-tiep-tuc-giam-20241110151355859.htm
"Giá vàng đi ngang sau phiên giảm 1,2 triệu đồng/lượng",https://dantri.com.vn/kinh-doanh/gia-vang-di-ngang-sau-phien-giam-12-trieu-dongluong-20241218064949187.htm
"Giá vàng thế giới lập đỉnh, dự báo tuần sau kỳ nghỉ Tết sẽ ra sao?",https://dantri.com.vn/kinh-doanh/gia-vang-the-gioi-lap-dinh-du-bao-tuan-sau-ky-nghi-tet-se-ra-sao-20250202115530236.htm
"Giá vàng miếng, vàng nhẫn biến động mạnh, tăng 1 triệu đồng/lượng chiều mua",https://dantri.com.vn/kinh-doanh/gia-vang-mieng-vang-nhan-bien-dong-manh-tang-1-trieu-dongluong-chieu-mua-20250219195442700.htm
Giá vàng thế giới bất ngờ tăng vọt,https://dantri.com.vn/kinh-doanh/gia-vang-the-gioi-bat-ngo-tang-vot-20241012003111048.htm
Tuần lập kỷ lục của giá vàng nhẫn,https://dantri.com.vn/kinh-doanh/tuan-lap-ky-luc-cua-gia-vang-nhan-20250208222448342.htm
Kỷ lục của giá vàng nhẫn và vàng thế giới,https://dantri.com.vn/kinh-doanh/ky-luc-cua-gia-vang-nhan-va-vang-the-gioi-20240914012127682.htm
"Giá vàng nhẫn, vàng miếng SJC đồng loạt giảm",https://dantri.com.vn/kinh-doanh/gia-vang-nhan-vang-mieng-sjc-dong-loat-giam-20241101072143948.htm
"Giá vàng nhẫn có kỷ lục mới: 88,8 triệu đồng/lượng",https://dantri.com.vn/kinh-doanh/gia-vang-nhan-co-ky-luc-moi-888-trieu-dongluong-20241030070430056.htm
Giá vàng miếng SJC tăng lên 85 triệu đồng/lượng,https://dantri.com.vn/kinh-doanh/gia-vang-mieng-sjc-tang-len-85-trieu-dongluong-20241008065410671.htm
Giá vàng thế giới lập đỉnh mới,https://dantri.com.vn/kinh-doanh/gia-vang-the-gioi-lap-dinh-moi-20240816213622814.htm
"Giá vàng lập kỷ lục 40 lần năm 2024, năm nay liệu sẽ ra sao?",https://dantri.com.vn/kinh-doanh/gia-vang-lap-ky-luc-40-lan-nam-2024-nam-nay-lieu-se-ra-sao-20250203155703268.htm
"Giá vàng miếng SJC, vàng nhẫn cùng giảm",https://dantri.com.vn/kinh-doanh/gia-vang-mieng-sjc-vang-nhan-cung-giam-20241010003750083.htm
Diễn biến bất ngờ của giá vàng nhẫn,https://dantri.com.vn/kinh-doanh/dien-bien-bat-ngo-cua-gia-vang-nhan-20241003213200771.htm
"Giá vàng miếng, vàng nhẫn giảm gần 2 triệu đồng/lượng",https://dantri.com.vn/kinh-doanh/gia-vang-mieng-vang-nhan-giam-gan-2-trieu-dongluong-20241127013738439.htm
Giá vàng sắp tiến tới mốc kỷ lục mới?,https://dantri.com.vn/kinh-doanh/gia-vang-sap-tien-toi-moc-ky-luc-moi-20250222224922221.htm
Giá vàng thế giới chao đảo,https://dantri.com.vn/kinh-doanh/gia-vang-the-gioi-chao-dao-20240726003936471.htm
"Giá vàng bất ngờ tăng cả triệu đồng, vượt mốc 91 triệu đồng chiều bán",https://dantri.com.vn/kinh-doanh/gia-vang-bat-ngo-tang-ca-trieu-dong-vuot-moc-91-trieu-dong-chieu-ban-20250210071437052.htm
"Giá vàng miếng, vàng nhẫn đồng loạt tăng sau đợt giảm mạnh",https://dantri.com.vn/kinh-doanh/gia-vang-mieng-vang-nhan-dong-loat-tang-sau-dot-giam-manh-20241127210807103.htm
Dự báo bất ngờ về giá vàng,https://dantri.com.vn/kinh-doanh/du-bao-bat-ngo-ve-gia-vang-20240901221446538.htm
Giá vàng miếng vượt 88 triệu đồng/lượng,https://dantri.com.vn/kinh-doanh/gia-vang-mieng-vuot-88-trieu-dongluong-20250123003801384.htm
Giá vàng tụt sau khi lập đỉnh kỷ lục,https://dantri.com.vn/kinh-doanh/gia-vang-tut-sau-khi-lap-dinh-ky-luc-20250217071030745.htm
Giá vàng nhẫn liên tiếp lập đỉnh,https://dantri.com.vn/kinh-doanh/gia-vang-nhan-lien-tiep-lap-dinh-20240829002314142.htm
"Giá vàng trong nước tăng vọt, USD lao dốc",https://dantri.com.vn/kinh-doanh/gia-vang-trong-nuoc-tang-vot-usd-lao-doc-20250214164739105.htm
Giá vàng miếng tăng 5 triệu đồng/lượng sau một tuần,https://dantri.com.vn/kinh-doanh/gia-vang-mieng-tang-5-trieu-dongluong-sau-mot-tuan-20241125035729128.htm
"Giá vàng nhẫn vẫn ""đu đỉnh"" 83 triệu đồng/lượng",https://dantri.com.vn/kinh-doanh/gia-vang-nhan-van-du-dinh-83-trieu-dongluong-20240930045514175.htm
Giá vàng đi lùi khi chờ tin kinh tế Mỹ quan trọng,https://dantri.com.vn/kinh-doanh/gia-vang-di-lui-khi-cho-tin-kinh-te-my-quan-trong-20241206030819527.htm
"Giá vàng miếng SJC lên sát 87 triệu đồng, cao nhất 2 tuần",https://dantri.com.vn/kinh-doanh/gia-vang-mieng-sjc-len-sat-87-trieu-dong-cao-nhat-2-tuan-20241212002331007.htm
Giá vàng miếng bật tăng lên 85 triệu đồng/lượng,https://dantri.com.vn/kinh-doanh/gia-vang-mieng-bat-tang-len-85-trieu-dongluong-20241014234137003.htm
"Diễn biến bất ngờ của giá vàng: Chững lại sau khi tăng 1,8 triệu đồng",https://dantri.com.vn/kinh-doanh/dien-bien-bat-ngo-cua-gia-vang-chung-lai-sau-khi-tang-18-trieu-dong-20250106235226345.htm
"Giá vàng miếng SJC tăng 3 phiên liên tiếp, chạm mốc 86 triệu đồng/lượng",https://dantri.com.vn/kinh-doanh/gia-vang-mieng-sjc-tang-3-phien-lien-tiep-cham-moc-86-trieu-dongluong-20250110071015084.htm
"Giá vàng nhẫn tăng nhanh, vượt 86 triệu đồng/lượng",https://dantri.com.vn/kinh-doanh/gia-vang-nhan-tang-nhanh-vuot-86-trieu-dongluong-20241021030735026.htm
"Giá vàng đồng loạt giảm, đứt chuỗi ngày lập đỉnh liên tiếp",https://dantri.com.vn/kinh-doanh/gia-vang-dong-loat-giam-dut-chuoi-ngay-lap-dinh-lien-tiep-20241101233525312.htm
Dự báo bất ngờ về giá vàng tuần tới,https://dantri.com.vn/kinh-doanh/du-bao-bat-ngo-ve-gia-vang-tuan-toi-20241005231157628.htm
"Giá vàng tiếp tục ""bất động""",https://dantri.com.vn/kinh-doanh/gia-vang-tiep-tuc-bat-dong-20240725070939224.htm
"Giá vàng nhẫn ở đỉnh 78,4 triệu đồng/lượng",https://dantri.com.vn/kinh-doanh/gia-vang-nhan-o-dinh-784-trieu-dongluong-20240822010802993.htm
"Giá vàng miếng SJC bật tăng lên 83,5 triệu đồng/lượng",https://dantri.com.vn/kinh-doanh/gia-vang-mieng-sjc-bat-tang-len-835-trieu-dongluong-20240923235329403.htm
Dự báo bất ngờ về giá vàng sau đợt giảm mạnh,https://dantri.com.vn/kinh-doanh/du-bao-bat-ngo-ve-gia-vang-sau-dot-giam-manh-20241103235004758.htm
Điều gì khiến giá vàng thế giới thủng mốc 2.600 USD/ounce?,https://dantri.com.vn/kinh-doanh/dieu-gi-khien-gia-vang-the-gioi-thung-moc-2600-usdounce-20241112180828081.htm
Giá vàng giảm sâu trước áp lực chốt lời,https://dantri.com.vn/kinh-doanh/gia-vang-giam-sau-truoc-ap-luc-chot-loi-20240823070559987.htm
Giá vàng đồng loạt giảm trước thềm bầu cử tổng thống Mỹ,https://dantri.com.vn/kinh-doanh/gia-vang-dong-loat-giam-truoc-them-bau-cu-tong-thong-my-20241102232440565.htm
Giá vàng miếng SJC tăng lên 84 triệu đồng/lượng,https://dantri.com.vn/kinh-doanh/gia-vang-mieng-sjc-tang-len-84-trieu-dongluong-20241002072240956.htm
Giá vàng tăng 5 ngày liên tiếp,https://dantri.com.vn/kinh-doanh/gia-vang-tang-5-ngay-lien-tiep-20241122034949448.htm
Giá vàng miếng SJC lên 82 triệu đồng/lượng,https://dantri.com.vn/kinh-doanh/gia-vang-mieng-sjc-len-82-trieu-dongluong-20240917002643151.htm
"Giá vàng nhẫn vượt 86 triệu đồng/lượng, đắt hơn vàng miếng",https://dantri.com.vn/kinh-doanh/gia-vang-nhan-vuot-86-trieu-dongluong-dat-hon-vang-mieng-20241019222854400.htm
"Giá vàng ""đổ đèo""",https://dantri.com.vn/kinh-doanh/gia-vang-do-deo-20240610012033163.htm
"Giá vàng miếng, vàng nhẫn bất ngờ giảm",https://dantri.com.vn/kinh-doanh/gia-vang-mieng-vang-nhan-bat-ngo-giam-20241213220353154.htm
"Giá vàng vượt 100 triệu/lượng: ""Cò"" chờ ở cửa săn mua, chuyên gia cảnh báo",https://dantri.com.vn/kinh-doanh/gia-vang-vuot-100-trieuluong-co-cho-o-cua-san-mua-chuyen-gia-canh-bao-20250319165753967.htm
Giá vàng nhẫn lên 82 triệu đồng/lượng sau chuỗi giảm liên tục,https://dantri.com.vn/kinh-doanh/gia-vang-nhan-len-82-trieu-dongluong-sau-chuoi-giam-lien-tuc-20241115234410347.htm
Giá vàng tăng hơn 2 triệu đồng/lượng sau một tuần,https://dantri.com.vn/kinh-doanh/gia-vang-tang-hon-2-trieu-dongluong-sau-mot-tuan-20250224020243237.htm
Giá vàng miếng SJC áp sát 90 triệu đồng/lượng,https://dantri.com.vn/kinh-doanh/gia-vang-mieng-sjc-ap-sat-90-trieu-dongluong-20250124225727640.htm
"Giá vàng tăng dồn dập, liên tiếp lập đỉnh mới",https://dantri.com.vn/kinh-doanh/gia-vang-tang-don-dap-lien-tiep-lap-dinh-moi-20240914215633324.htm
Giá vàng tuần tới: Giới chuyên gia nhận định gì?,https://dantri.com.vn/kinh-doanh/gia-vang-tuan-toi-gioi-chuyen-gia-nhan-dinh-gi-20250118173847395.htm
"Giá vàng miếng, vàng nhẫn tăng 700.000 đồng/lượng",https://dantri.com.vn/kinh-doanh/gia-vang-mieng-vang-nhan-tang-700000-dongluong-20241224002426094.htm
Giá vàng miếng SJC vọt lên 81 triệu đồng,https://dantri.com.vn/kinh-doanh/gia-vang-mieng-sjc-vot-len-81-trieu-dong-20240821002208172.htm
"Giá vàng vượt 2.600 USD, phá vỡ mọi kỷ lục",https://dantri.com.vn/kinh-doanh/gia-vang-vuot-2600-usd-pha-vo-moi-ky-luc-20240921004033594.htm
"Giá vàng miếng lên 86 triệu đồng/lượng, vàng nhẫn có kỷ lục mới",https://dantri.com.vn/kinh-doanh/gia-vang-mieng-len-86-trieu-dongluong-vang-nhan-co-ky-luc-moi-20241015235540974.htm
"Giá vàng nhẫn tăng sốc, lần đầu vượt 80 triệu đồng",https://dantri.com.vn/kinh-doanh/gia-vang-nhan-tang-soc-lan-dau-vuot-80-trieu-dong-20240921222208354.htm
Giá vàng tăng lên kỷ lục rồi bất ngờ đảo chiều,https://dantri.com.vn/kinh-doanh/gia-vang-tang-len-ky-luc-roi-bat-ngo-dao-chieu-20240919000459727.htm
Giá vàng miếng SJC và vàng nhẫn gần bằng nhau,https://dantri.com.vn/kinh-doanh/gia-vang-mieng-sjc-va-vang-nhan-gan-bang-nhau-20250115071448337.htm
Giá vàng miếng SJC về dưới 79 triệu đồng/lượng,https://dantri.com.vn/kinh-doanh/gia-vang-mieng-sjc-ve-duoi-79-trieu-dongluong-20240808013831416.htm
Giá vàng nhẫn vượt 75 triệu đồng,https://dantri.com.vn/kinh-doanh/gia-vang-nhan-vuot-75-trieu-dong-20240620005133096.htm
Giá vàng thế giới bật tăng,https://dantri.com.vn/kinh-doanh/gia-vang-the-gioi-bat-tang-20240614234716624.htm
"Giá vàng miếng tăng nhanh, tiến sát 90 triệu đồng/lượng",https://dantri.com.vn/kinh-doanh/gia-vang-mieng-tang-nhanh-tien-sat-90-trieu-dongluong-20250203064851837.htm
"Sau ngày giảm sốc, giá vàng hôm nay tăng 1 triệu đồng/lượng",https://dantri.com.vn/kinh-doanh/sau-ngay-giam-soc-gia-vang-hom-nay-tang-1-trieu-dongluong-20241108070422208.htm
"Giá vàng thế giới tăng vụt, vàng trong nước tăng theo",https://dantri.com.vn/kinh-doanh/gia-vang-the-gioi-tang-vut-vang-trong-nuoc-tang-theo-20240802005846299.htm
"Giá vàng nhẫn lập kỷ lục mới 80,4 triệu đồng/lượng",https://dantri.com.vn/kinh-doanh/gia-vang-nhan-lap-ky-luc-moi-804-trieu-dongluong-20240923022113048.htm
"Giá vàng nhẫn vượt 83 triệu đồng/lượng, lập kỷ lục mới",https://dantri.com.vn/kinh-doanh/gia-vang-nhan-vuot-83-trieu-dongluong-lap-ky-luc-moi-20241005000432371.htm
Dự báo bất ngờ về giá vàng sau khi bật tăng mạnh,https://dantri.com.vn/kinh-doanh/du-bao-bat-ngo-ve-gia-vang-sau-khi-bat-tang-manh-20241012224436539.htm
Diễn biến lạ của giá vàng: Chiều thu mua giảm 3 triệu đồng/lượng,https://dantri.com.vn/kinh-doanh/dien-bien-la-cua-gia-vang-chieu-thu-mua-giam-3-trieu-dongluong-20241107032520000.htm
Giá vàng miếng SJC cao nhất từ đầu tháng,https://dantri.com.vn/kinh-doanh/gia-vang-mieng-sjc-cao-nhat-tu-dau-thang-20240815021048449.htm
Giá vàng miếng SJC tiếp tục neo cao tại 81 triệu đồng,https://dantri.com.vn/kinh-doanh/gia-vang-mieng-sjc-tiep-tuc-neo-cao-tai-81-trieu-dong-20240826070622049.htm
Giá vàng bất ngờ giảm về sát 2.500 USD/ounce,https://dantri.com.vn/kinh-doanh/gia-vang-bat-ngo-giam-ve-sat-2500-usdounce-20240830234203335.htm
"Giá vàng nhẫn lập kỷ lục mới 78,55 triệu đồng/lượng",https://dantri.com.vn/kinh-doanh/gia-vang-nhan-lap-ky-luc-moi-7855-trieu-dongluong-20240826200039780.htm
"Giá vàng nhẫn vượt 93 triệu đồng, nhà đầu tư có nên tiếp tục gom mua?",https://dantri.com.vn/kinh-doanh/gia-vang-nhan-vuot-93-trieu-dong-nha-dau-tu-co-nen-tiep-tuc-gom-mua-20250307081151879.htm
"Giá vàng tăng vùn vụt, lần đầu vượt 2.500 USD",https://dantri.com.vn/kinh-doanh/gia-vang-tang-vun-vut-lan-dau-vuot-2500-usd-20240817222018482.htm
Giá vàng gần như đứng im,https://dantri.com.vn/kinh-doanh/gia-vang-gan-nhu-dung-im-20240611071933537.htm
Giá vàng nhẫn giảm nhẹ sau kỳ nghỉ lễ 2/9,https://dantri.com.vn/kinh-doanh/gia-vang-nhan-giam-nhe-sau-ky-nghi-le-29-20240904024214031.htm
"Tuần lập kỷ lục liên tục của giá vàng, bất ngờ với nhẫn tròn trơn",https://dantri.com.vn/kinh-doanh/tuan-lap-ky-luc-lien-tuc-cua-gia-vang-bat-ngo-voi-nhan-tron-tron-20240928223303784.htm
"Giá vàng nhẫn tăng liên tục, chỉ còn cách vàng miếng 1 triệu đồng/lượng",https://dantri.com.vn/kinh-doanh/gia-vang-nhan-tang-lien-tuc-chi-con-cach-vang-mieng-1-trieu-dongluong-20240925224341226.htm
"Giá vàng miếng SJC, vàng nhẫn tăng 2 phiên liên tiếp",https://dantri.com.vn/kinh-doanh/gia-vang-mieng-sjc-vang-nhan-tang-2-phien-lien-tiep-20241228000012324.htm
"Giá vàng lập đỉnh, bó hoa bằng vàng ""cháy hàng"" dịp lễ 20/10",https://dantri.com.vn/kinh-doanh/gia-vang-lap-dinh-bo-hoa-bang-vang-chay-hang-dip-le-2010-20241018152713798.htm
"Lần đầu tiên trong lịch sử, giá vàng nhẫn vượt 85 triệu đồng/lượng",https://dantri.com.vn/kinh-doanh/lan-dau-tien-trong-lich-su-gia-vang-nhan-vuot-85-trieu-dongluong-20241018221247363.htm
Giá vàng nhẫn bám đuổi sát nút vàng miếng,https://dantri.com.vn/kinh-doanh/gia-vang-nhan-bam-duoi-sat-nut-vang-mieng-20240624070439895.htm
"Giá vàng nhẫn bập bềnh, vàng miếng bất động",https://dantri.com.vn/kinh-doanh/gia-vang-nhan-bap-benh-vang-mieng-bat-dong-20240710072947438.htm
Vì sao giá vàng lao dốc không phanh sau khi ông Trump đắc cử tổng thống?,https://dantri.com.vn/kinh-doanh/vi-sao-gia-vang-lao-doc-khong-phanh-sau-khi-ong-trump-dac-cu-tong-thong-20241107153210075.htm
"Giá vàng nhẫn tăng vượt 75,5 triệu đồng/lượng",https://dantri.com.vn/kinh-doanh/gia-vang-nhan-tang-vuot-755-trieu-dongluong-20240621072848831.htm
Giá vàng miếng SJC giảm nửa triệu đồng mỗi lượng,https://dantri.com.vn/kinh-doanh/gia-vang-mieng-sjc-giam-nua-trieu-dong-moi-luong-20240731071833816.htm
"Lộ lý do khiến giá vàng thế giới tăng dựng đứng, liên tiếp phá đỉnh",https://dantri.com.vn/kinh-doanh/lo-ly-do-khien-gia-vang-the-gioi-tang-dung-dung-lien-tiep-pha-dinh-20241021165251943.htm
"Giá vàng giảm sốc, khách ngậm ngùi ""mua giá trên trời mà bán thì dưới đất""",https://dantri.com.vn/kinh-doanh/gia-vang-giam-soc-khach-ngam-ngui-mua-gia-tren-troi-ma-ban-thi-duoi-dat-20241107174516436.htm
"Giá vàng miếng SJC giảm, mất mốc 80 triệu đồng",https://dantri.com.vn/kinh-doanh/gia-vang-mieng-sjc-giam-mat-moc-80-trieu-dong-20240722235647352.htm
"Năm giá vàng biến động mạnh, đại gia PNJ kinh doanh ra sao?",https://dantri.com.vn/kinh-doanh/nam-gia-vang-bien-dong-manh-dai-gia-pnj-kinh-doanh-ra-sao-20250128221112017.htm
"Giá vàng đột ngột lao dốc, mất mốc quan trọng",https://dantri.com.vn/kinh-doanh/gia-vang-dot-ngot-lao-doc-mat-moc-quan-trong-20240719180250816.htm
Dự báo bất ngờ về giá vàng sau tuần giảm giá,https://dantri.com.vn/kinh-doanh/du-bao-bat-ngo-ve-gia-vang-sau-tuan-giam-gia-20241207222046943.htm
"Giá vàng miếng SJC yên lặng 6 phiên, vàng thế giới tăng vọt",https://dantri.com.vn/kinh-doanh/gia-vang-mieng-sjc-yen-lang-6-phien-vang-the-gioi-tang-vot-20240911071116032.htm
"Giá vàng ""lên đỉnh"", tôi đòi 5 cây đã gửi thì mẹ chồng có hành động gây sốc",https://dantri.com.vn/tinh-yeu-gioi-tinh/gia-vang-len-dinh-toi-doi-5-cay-da-gui-thi-me-chong-co-hanh-dong-gay-soc-20241025115946529.htm
"Lộ lý do giá vàng đột ngột tăng mạnh, phá vỡ mọi kỷ lục",https://dantri.com.vn/kinh-doanh/lo-ly-do-gia-vang-dot-ngot-tang-manh-pha-vo-moi-ky-luc-20240922192418837.htm
"Vay vàng mua bất động sản, méo mặt vì giá vàng liên tục lập đỉnh",https://dantri.com.vn/bat-dong-san/vay-vang-mua-bat-dong-san-meo-mat-vi-gia-vang-lien-tuc-lap-dinh-20240923164725293.htm
Giá vàng miếng và vàng nhẫn gần bằng nhau,https://dantri.com.vn/kinh-doanh/gia-vang-mieng-va-vang-nhan-gan-bang-nhau-20240621235816949.htm
Giá vàng nhẫn cao nhất từ trước đến nay,https://dantri.com.vn/kinh-doanh/gia-vang-nhan-cao-nhat-tu-truoc-den-nay-20241007071846304.htm
Giá vàng miếng SJC bất động 5 phiên liên tiếp,https://dantri.com.vn/kinh-doanh/gia-vang-mieng-sjc-bat-dong-5-phien-lien-tiep-20240612073717838.htm
Giá vàng lên đỉnh,https://dantri.com.vn/kinh-doanh/gia-vang-len-dinh-20240306011802508.htm
Tuần giá vàng phá đỉnh,https://dantri.com.vn/kinh-doanh/tuan-gia-vang-pha-dinh-20231203090340970.htm
"Giá vàng miếng SJC cao nhất từ đầu năm vượt 87,3 triệu đồng/lượng",https://dantri.com.vn/kinh-doanh/gia-vang-mieng-sjc-cao-nhat-tu-dau-nam-vuot-873-trieu-dongluong-20250118072509897.htm
"Giá vàng nhẫn, vàng miếng cùng giảm 1,3 triệu đồng/lượng",https://dantri.com.vn/kinh-doanh/gia-vang-nhan-vang-mieng-cung-giam-13-trieu-dongluong-20241112065834365.htm
Giá vàng miếng và vàng nhẫn chỉ cách nhau 380.000 đồng/lượng,https://dantri.com.vn/kinh-doanh/gia-vang-mieng-va-vang-nhan-chi-cach-nhau-380000-dongluong-20240706012214892.htm
"Giá vàng nhẫn giảm liên tục, một tuần sụt 2,7 triệu đồng",https://dantri.com.vn/kinh-doanh/gia-vang-nhan-giam-lien-tuc-mot-tuan-sut-27-trieu-dong-20240727003512090.htm
Giá vàng thụt lùi,https://dantri.com.vn/kinh-doanh/gia-vang-thut-lui-20230905064922145.htm
Giá vàng trồi sụt,https://dantri.com.vn/kinh-doanh/gia-vang-troi-sut-20221214005542176.htm
Giá vàng vọt tăng,https://dantri.com.vn/kinh-doanh/gia-vang-vot-tang-20230304072743220.htm
Giá vàng chững lại,https://dantri.com.vn/kinh-doanh/gia-vang-chung-lai-20230427010522388.htm
Giá vàng trượt dốc,https://dantri.com.vn/kinh-doanh/gia-vang-truot-doc-20230225012714163.htm
Giá vàng miếng SJC biến động,https://dantri.com.vn/kinh-doanh/gia-vang-mieng-sjc-bien-dong-20240713080958313.htm
"Giá vàng nhẫn lên kỷ lục: Người lãi chưa từng thấy, người tiếc vì không mua",https://dantri.com.vn/kinh-doanh/gia-vang-nhan-len-ky-luc-nguoi-lai-chua-tung-thay-nguoi-tiec-vi-khong-mua-20240923182922626.htm
Giá vàng quay chóng mặt,https://dantri.com.vn/kinh-doanh/gia-vang-quay-chong-mat-20240103072515879.htm
"Giá vàng tăng 1,3 triệu đồng/lượng ngày giao dịch đầu tiên năm mới",https://dantri.com.vn/kinh-doanh/gia-vang-tang-13-trieu-dongluong-ngay-giao-dich-dau-tien-nam-moi-20250101200216272.htm
Giá vàng thế giới giảm 40 USD/ounce trước áp lực chốt lời,https://dantri.com.vn/kinh-doanh/gia-vang-the-gioi-giam-40-usdounce-truoc-ap-luc-chot-loi-20241213025412433.htm
Giá vàng tăng từng ngày,https://dantri.com.vn/kinh-doanh/gia-vang-tang-tung-ngay-20230909071551486.htm
Giá vàng miếng xoay chóng mặt,https://dantri.com.vn/kinh-doanh/gia-vang-mieng-xoay-chong-mat-20231107235457372.htm
Giá vàng tăng chậm lại,https://dantri.com.vn/kinh-doanh/gia-vang-tang-cham-lai-20231206070035150.htm
"Lần đầu tiên trong lịch sử, giá vàng thỏi lên mức 1 triệu USD",https://dantri.com.vn/kinh-doanh/lan-dau-tien-trong-lich-su-gia-vang-thoi-len-muc-1-trieu-usd-20240821180356949.htm
Giá vàng nhẫn giảm hơn 7 triệu đồng/lượng sau một tuần,https://dantri.com.vn/kinh-doanh/gia-vang-nhan-giam-hon-7-trieu-dongluong-sau-mot-tuan-20241113070736528.htm
Giá vàng không ngừng rơi,https://dantri.com.vn/kinh-doanh/gia-vang-khong-ngung-roi-20231229075915656.htm
"Giá vàng chấm dứt 5 phiên giảm, lấy lại ngưỡng kháng cự quan trọng",https://dantri.com.vn/kinh-doanh/gia-vang-cham-dut-5-phien-giam-lay-lai-nguong-khang-cu-quan-trong-20240809234302942.htm
Giá vàng miếng khó đoán,https://dantri.com.vn/kinh-doanh/gia-vang-mieng-kho-doan-20240224073126723.htm
Giá vàng xoay chóng mặt,https://dantri.com.vn/kinh-doanh/gia-vang-xoay-chong-mat-20230925004437876.htm
"Giá vàng nhẫn tăng cao, chỉ kém vàng miếng gần 600.000 đồng",https://dantri.com.vn/kinh-doanh/gia-vang-nhan-tang-cao-chi-kem-vang-mieng-gan-600000-dong-20240705073010026.htm
"Giá vàng miếng SJC giảm 500.000 đồng, về mốc 79 triệu đồng/lượng",https://dantri.com.vn/kinh-doanh/gia-vang-mieng-sjc-giam-500000-dong-ve-moc-79-trieu-dongluong-20240730020743794.htm
Vì sao giá vàng tăng vọt?,https://dantri.com.vn/kinh-doanh/vi-sao-gia-vang-tang-vot-20221110020900534.htm
Giá vàng thế giới kéo giá vàng SJC giảm gần 1 triệu đồng/lượng,https://dantri.com.vn/kinh-doanh/gia-vang-the-gioi-keo-gia-vang-sjc-giam-gan-1-trieu-dongluong-20200903085652645.htm
Giá vàng đi ngược chiều,https://dantri.com.vn/kinh-doanh/gia-vang-di-nguoc-chieu-20211228225144781.htm
Giá vàng lại bất ngờ tăng,https://dantri.com.vn/kinh-doanh/gia-vang-lai-bat-ngo-tang-20240119070326405.htm
Giá vàng quay đầu giảm,https://dantri.com.vn/kinh-doanh/gia-vang-quay-dau-giam-20210527075028160.htm
Giá vàng tăng vùn vụt,https://dantri.com.vn/kinh-doanh/gia-vang-tang-vun-vut-20230918002804638.htm
Tuần giá vàng trồi sụt,https://dantri.com.vn/kinh-doanh/tuan-gia-vang-troi-sut-20230312075043693.htm
"Đảo chiều, giá vàng tăng mạnh",https://dantri.com.vn/kinh-doanh/dao-chieu-gia-vang-tang-manh-20210611073840863.htm
"Giá vàng thế giới tăng vọt, vàng miếng trong nước giảm nửa triệu đồng",https://dantri.com.vn/kinh-doanh/gia-vang-the-gioi-tang-vot-vang-mieng-trong-nuoc-giam-nua-trieu-dong-20240809071542080.htm
Giá vàng xô đổ mọi kỷ lục,https://dantri.com.vn/kinh-doanh/gia-vang-xo-do-moi-ky-luc-20231221073403530.htm
"Giá vàng miếng SJC tăng vọt 1,5 triệu đồng/lượng",https://dantri.com.vn/kinh-doanh/gia-vang-mieng-sjc-tang-vot-15-trieu-dongluong-20240918072103128.htm
Giá vàng phá kỷ lục,https://dantri.com.vn/kinh-doanh/gia-vang-pha-ky-luc-20230505063858756.htm
Giá vàng lên cao nhất 5 tháng,https://dantri.com.vn/kinh-doanh/gia-vang-len-cao-nhat-5-thang-20231029073812329.htm
"Giá vàng tăng, USD suy yếu",https://dantri.com.vn/kinh-doanh/gia-vang-tang-usd-suy-yeu-20210610073309868.htm
Giá vàng tiếp đà tăng bốc,https://dantri.com.vn/kinh-doanh/gia-vang-tiep-da-tang-boc-20231215065412880.htm
Dự báo bất ngờ về giá vàng sau tuần bật tăng mạnh,https://dantri.com.vn/kinh-doanh/du-bao-bat-ngo-ve-gia-vang-sau-tuan-bat-tang-manh-20241026225710128.htm
"Vàng nhẫn tăng 250.000 đồng/lượng, bám sát giá vàng miếng SJC",https://dantri.com.vn/kinh-doanh/vang-nhan-tang-250000-dongluong-bam-sat-gia-vang-mieng-sjc-20240629070933444.htm
Giá vàng nhẫn giảm đà tăng,https://dantri.com.vn/kinh-doanh/gia-vang-nhan-giam-da-tang-20240405010149782.htm
Giá vàng rình rập tăng,https://dantri.com.vn/kinh-doanh/gia-vang-rinh-rap-tang-20211005080116753.htm
Giá vàng ngày 25/7 giảm,https://dantri.com.vn/kinh-doanh/gia-vang-ngay-257-giam-20230725014027173.htm
"Giá vàng tăng vọt lên mốc cao ""đồng hành"" mức tăng giá vàng thế giới",https://dantri.com.vn/kinh-doanh/gia-vang-tang-vot-len-moc-cao-dong-hanh-muc-tang-gia-vang-the-gioi-20200403102245185.htm
Giá vàng nhẫn lên cao kỷ lục,https://dantri.com.vn/kinh-doanh/gia-vang-nhan-len-cao-ky-luc-20230920010839428.htm
Giá vàng miếng lại bật tăng,https://dantri.com.vn/kinh-doanh/gia-vang-mieng-lai-bat-tang-20240327003610040.htm
Giá vàng miếng SJC vượt 89 triệu đồng/lượng,https://dantri.com.vn/kinh-doanh/gia-vang-mieng-sjc-vuot-89-trieu-dongluong-20240509004602680.htm
Giá vàng miếng SJC vượt 87 triệu đồng/lượng,https://dantri.com.vn/kinh-doanh/gia-vang-mieng-sjc-vuot-87-trieu-dongluong-20240506232212873.htm
Giá vàng miếng SJC lùi về dưới 90 triệu đồng,https://dantri.com.vn/kinh-doanh/gia-vang-mieng-sjc-lui-ve-duoi-90-trieu-dong-20240525004100850.htm
Giá vàng lại rơi tự do,https://dantri.com.vn/kinh-doanh/gia-vang-lai-roi-tu-do-20201119143558715.htm
"Giá vàng bỗng dưng giảm ""sốc""",https://dantri.com.vn/kinh-doanh/gia-vang-bong-dung-giam-soc-20210825071809157.htm
"Giá vàng nhẫn chưa ngừng tăng, tiến sát 84,8 triệu đồng/lượng",https://dantri.com.vn/kinh-doanh/gia-vang-nhan-chua-ngung-tang-tien-sat-848-trieu-dongluong-20241018071154264.htm
Giá vàng đảo chiều giảm,https://dantri.com.vn/kinh-doanh/gia-vang-dao-chieu-giam-20210525074545759.htm
Giá vàng sau tuần giao dịch đầu tiên của năm mới sẽ gặp lực cản gì?,https://dantri.com.vn/kinh-doanh/gia-vang-sau-tuan-giao-dich-dau-tien-cua-nam-moi-se-gap-luc-can-gi-20250104213618516.htm
Giá vàng mất mốc đỉnh cao,https://dantri.com.vn/kinh-doanh/gia-vang-mat-moc-dinh-cao-20230329201815693.htm
Giá vàng bất ngờ giảm sốc,https://dantri.com.vn/kinh-doanh/gia-vang-bat-ngo-giam-soc-20200519113635152.htm
Giá vàng bật tăng mạnh,https://dantri.com.vn/kinh-doanh/gia-vang-bat-tang-manh-20170811160129565.htm
Giá vàng giảm mạnh,https://dantri.com.vn/kinh-doanh/gia-vang-giam-manh-20161112113036423.htm
Giá vàng khó biến động mạnh?,https://dantri.com.vn/kinh-doanh/gia-vang-kho-bien-dong-manh-20220905071335121.htm
Giá vàng phục hồi,https://dantri.com.vn/kinh-doanh/gia-vang-phuc-hoi-20170705093812164.htm
"Giá vàng nhẫn vượt 77 triệu đồng/lượng, đắt hơn vàng miếng SJC",https://dantri.com.vn/kinh-doanh/gia-vang-nhan-vuot-77-trieu-dongluong-dat-hon-vang-mieng-sjc-20240712024153800.htm
"Giá vàng SJC vẫn ""một mình một chợ""",https://dantri.com.vn/kinh-doanh/gia-vang-sjc-van-mot-minh-mot-cho-20220713072322746.htm
"Giá vàng ""lao dốc""",https://dantri.com.vn/kinh-doanh/gia-vang-lao-doc-20170210101116137.htm
Giá vàng bật tăng phiên đầu tuần,https://dantri.com.vn/kinh-doanh/gia-vang-bat-tang-phien-dau-tuan-20211018075358379.htm
"Giá vàng ""lao dốc không phanh""",https://dantri.com.vn/kinh-doanh/gia-vang-lao-doc-khong-phanh-20200604093123395.htm
"USD tăng mạnh, giá vàng giảm",https://dantri.com.vn/kinh-doanh/usd-tang-manh-gia-vang-giam-20190717133314415.htm
Giá vàng miếng SJC tiến sát mốc 91 triệu đồng,https://dantri.com.vn/kinh-doanh/gia-vang-mieng-sjc-tien-sat-moc-91-trieu-dong-20240523072450530.htm
"Giá vàng thế giới giảm sâu, giá USD tự do cao nhất từ đầu năm",https://dantri.com.vn/kinh-doanh/gia-vang-the-gioi-giam-sau-gia-usd-tu-do-cao-nhat-tu-dau-nam-20240626073200884.htm
"Giá vàng miếng SJC lao dốc, về 81 triệu đồng/lượng",https://dantri.com.vn/kinh-doanh/gia-vang-mieng-sjc-lao-doc-ve-81-trieu-dongluong-20240603053240333.htm
Giá vàng biến động dữ dội,https://dantri.com.vn/kinh-doanh/gia-vang-bien-dong-du-doi-20230921003252382.htm
"Giá vàng thế giới ""nhảy múa"", chuyên gia khuyên gì?",https://dantri.com.vn/kinh-doanh/gia-vang-the-gioi-nhay-mua-chuyen-gia-khuyen-gi-20240526213941868.htm
Giá vàng miếng SJC xoay như chong chóng,https://dantri.com.vn/kinh-doanh/gia-vang-mieng-sjc-xoay-nhu-chong-chong-20240425233154153.htm
Giá vàng nối tiếp mạch tăng,https://dantri.com.vn/kinh-doanh/gia-vang-noi-tiep-mach-tang-20230831071025305.htm
Giá vàng tuần này còn tăng?,https://dantri.com.vn/kinh-doanh/gia-vang-tuan-nay-con-tang-20221114020327717.htm
"Giá vàng tăng vùn vụt, vượt 2.000 USD",https://dantri.com.vn/kinh-doanh/gia-vang-tang-vun-vut-vuot-2000-usd-20231121232308341.htm
Giá vàng ngày 19/6: Lình xình,https://dantri.com.vn/kinh-doanh/gia-vang-ngay-196-linh-xinh-20230619063843133.htm
Giá vàng đồng loạt tăng vọt,https://dantri.com.vn/kinh-doanh/gia-vang-dong-loat-tang-vot-20191002065535733.htm
Giá vàng lội ngược dòng tăng mạnh,https://dantri.com.vn/kinh-doanh/gia-vang-loi-nguoc-dong-tang-manh-20210301085614485.htm
Giá vàng tăng vọt,https://dantri.com.vn/kinh-doanh/gia-vang-tang-vot-20160930091512923.htm
Giá vàng nhẫn chính thức vượt vàng miếng,https://dantri.com.vn/kinh-doanh/gia-vang-nhan-chinh-thuc-vuot-vang-mieng-20240717072638308.htm
"Giá vàng miếng SJC không đổi sau một tháng, vàng nhẫn tăng nhẹ",https://dantri.com.vn/kinh-doanh/gia-vang-mieng-sjc-khong-doi-sau-mot-thang-vang-nhan-tang-nhe-20240703071531089.htm
Giá vàng tuần này sẽ tăng?,https://dantri.com.vn/kinh-doanh/gia-vang-tuan-nay-se-tang-20221121062922405.htm
Giá vàng lại bật tăng mạnh,https://dantri.com.vn/kinh-doanh/gia-vang-lai-bat-tang-manh-20190705134710279.htm
Giá vàng tăng lên sát mức kỷ lục,https://dantri.com.vn/kinh-doanh/gia-vang-tang-len-sat-muc-ky-luc-20231216071622732.htm
Giá vàng bất ngờ đảo chiều giảm,https://dantri.com.vn/kinh-doanh/gia-vang-bat-ngo-dao-chieu-giam-20220215071618585.htm
"Giá vàng tăng nhanh, USD sụt giảm",https://dantri.com.vn/kinh-doanh/gia-vang-tang-nhanh-usd-sut-giam-20210504073250643.htm
Giá vàng bật tăng mạnh,https://dantri.com.vn/kinh-doanh/gia-vang-bat-tang-manh-20180103102046964.htm
Giá vàng nhẫn tăng 600.000 đồng/lượng,https://dantri.com.vn/kinh-doanh/gia-vang-nhan-tang-600000-dongluong-20240329010612807.htm
Giá vàng rủ nhau giảm sâu,https://dantri.com.vn/kinh-doanh/gia-vang-ru-nhau-giam-sau-20230308072232849.htm
"Giá vàng miếng giảm, vàng nhẫn vẫn tăng",https://dantri.com.vn/kinh-doanh/gia-vang-mieng-giam-vang-nhan-van-tang-20240419072552296.htm
Giá vàng mất mốc 67 triệu đồng/lượng,https://dantri.com.vn/kinh-doanh/gia-vang-mat-moc-67-trieu-dongluong-20230330232746438.htm
Giá vàng bất ngờ tăng trở lại,https://dantri.com.vn/kinh-doanh/gia-vang-bat-ngo-tang-tro-lai-20230916071638288.htm
"Giá vàng ""phi SJC"" tăng mạnh",https://dantri.com.vn/kinh-doanh/gia-vang-phi-sjc-tang-manh-2018120413291075.htm
Giá vàng SJC bất ngờ tăng cao,https://dantri.com.vn/kinh-doanh/gia-vang-sjc-bat-ngo-tang-cao-20200213150125177.htm
Giá vàng đồng loạt sụt giảm,https://dantri.com.vn/kinh-doanh/gia-vang-dong-loat-sut-giam-20190402111637432.htm
Giá vàng bỗng dưng tăng vọt,https://dantri.com.vn/kinh-doanh/gia-vang-bong-dung-tang-vot-20211021074809995.htm
"""Liều thuốc"" nào cắt cơn loạn giá vàng?",https://dantri.com.vn/kinh-doanh/lieu-thuoc-nao-cat-con-loan-gia-vang-20210301065146440.htm
Giá vàng tăng bật trở lại,https://dantri.com.vn/kinh-doanh/gia-vang-tang-bat-tro-lai-20220111073813524.htm
Giá vàng đảo chiều tăng vọt,https://dantri.com.vn/kinh-doanh/gia-vang-dao-chieu-tang-vot-20210729073219523.htm
Trung Quốc là nguyên nhân chính khiến giá vàng tăng sốc?,https://dantri.com.vn/kinh-doanh/trung-quoc-la-nguyen-nhan-chinh-khien-gia-vang-tang-soc-20240422210517544.htm
Giá vàng miếng đảo chiều tăng sau phiên giảm sâu 6 triệu đồng/lượng,https://dantri.com.vn/kinh-doanh/gia-vang-mieng-dao-chieu-tang-sau-phien-giam-sau-6-trieu-dongluong-20241109074306064.htm
Giá vàng đảo chiều giảm sâu,https://dantri.com.vn/kinh-doanh/gia-vang-dao-chieu-giam-sau-20190821173231729.htm
Giá vàng nhẫn giảm sau khi lập đỉnh kỷ lục,https://dantri.com.vn/kinh-doanh/gia-vang-nhan-giam-sau-khi-lap-dinh-ky-luc-20240820071414747.htm
Giá vàng giảm về vùng bất lợi,https://dantri.com.vn/kinh-doanh/gia-vang-giam-ve-vung-bat-loi-20230513073052138.htm
Giá vàng lại giảm mạnh,https://dantri.com.vn/kinh-doanh/gia-vang-lai-giam-manh-20160718103215759.htm
"Giá vàng trong nước ngừng đà giảm, giá thế giới giảm sâu",https://dantri.com.vn/kinh-doanh/gia-vang-trong-nuoc-ngung-da-giam-gia-the-gioi-giam-sau-20240608080250445.htm
Giá vàng vẫn cao vì sao?,https://dantri.com.vn/kinh-doanh/gia-vang-van-cao-vi-sao-20220304073448969.htm
"Giá vàng giảm tiếp, về dưới 90 triệu đồng/lượng",https://dantri.com.vn/kinh-doanh/gia-vang-giam-tiep-ve-duoi-90-trieu-dongluong-20240514010331844.htm
Giá vàng bật tăng mạnh,https://dantri.com.vn/kinh-doanh/gia-vang-bat-tang-manh-20170817085208166.htm
Giá vàng bật tăng mạnh,https://dantri.com.vn/kinh-doanh/gia-vang-bat-tang-manh-20161010105251825.htm
Giá vàng 6/7 tiếp đà giảm,https://dantri.com.vn/kinh-doanh/gia-vang-67-tiep-da-giam-20230706064858456.htm
Giá vàng tiếp tục giảm nhanh,https://dantri.com.vn/kinh-doanh/gia-vang-tiep-tuc-giam-nhanh-20180301151952818.htm
Giá vàng lên đỉnh 4 tháng,https://dantri.com.vn/kinh-doanh/gia-vang-len-dinh-4-thang-20210526063432398.htm
"Sau ngày tăng nóng, giá vàng đi lùi",https://dantri.com.vn/kinh-doanh/sau-ngay-tang-nong-gia-vang-di-lui-20240307223214587.htm
Giá vàng bất ngờ giảm mạnh,https://dantri.com.vn/kinh-doanh/gia-vang-bat-ngo-giam-manh-20170424103223204.htm
"Giá vàng tăng chóng mặt, vượt 2.000 USD",https://dantri.com.vn/kinh-doanh/gia-vang-tang-chong-mat-vuot-2000-usd-20231028070906942.htm
Giá vàng tăng lên 79 triệu đồng/lượng,https://dantri.com.vn/kinh-doanh/gia-vang-tang-len-79-trieu-dongluong-20240226025313161.htm
"Đón tin tốt, giá vàng sụt giảm",https://dantri.com.vn/kinh-doanh/don-tin-tot-gia-vang-sut-giam-20201117153139760.htm
Giá vàng tăng,https://dantri.com.vn/kinh-doanh/gia-vang-tang-20230425070334153.htm
Giá vàng có còn cơ hội?,https://dantri.com.vn/kinh-doanh/gia-vang-co-con-co-hoi-20220119065206650.htm
"Giá vàng tăng mạnh, USD giảm sâu",https://dantri.com.vn/kinh-doanh/gia-vang-tang-manh-usd-giam-sau-20221221074450209.htm
Giá vàng SJC bật tăng mạnh,https://dantri.com.vn/kinh-doanh/gia-vang-sjc-bat-tang-manh-20190103130409528.htm
Giá vàng đồng loạt tăng cao,https://dantri.com.vn/kinh-doanh/gia-vang-dong-loat-tang-cao-20170224093555509.htm
Giá vàng lại tăng mạnh,https://dantri.com.vn/kinh-doanh/gia-vang-lai-tang-manh-20160629100859118.htm
Giá vàng miếng SJC tăng vùn vụt,https://dantri.com.vn/kinh-doanh/gia-vang-mieng-sjc-tang-vun-vut-20231005233832110.htm
Giá vàng SJC giảm xuống thấp nhất 3 tháng,https://dantri.com.vn/kinh-doanh/gia-vang-sjc-giam-xuong-thap-nhat-3-thang-20220716081434309.htm
Giá vàng giảm nhanh,https://dantri.com.vn/kinh-doanh/gia-vang-giam-nhanh-20170609100013978.htm
Giá vàng bật tăng từ đáy 6 tuần,https://dantri.com.vn/kinh-doanh/gia-vang-bat-tang-tu-day-6-tuan-20210929063159015.htm
"Giá vàng ""bốc hơi"", dồn dập bán tháo",https://dantri.com.vn/kinh-doanh/gia-vang-boc-hoi-don-dap-ban-thao-20210604074448110.htm
Giá vàng bật tăng mạnh,https://dantri.com.vn/kinh-doanh/gia-vang-bat-tang-manh-20170727084930607.htm
Giá vàng bất ngờ tăng mạnh,https://dantri.com.vn/kinh-doanh/gia-vang-bat-ngo-tang-manh-20180709144018195.htm
Giá vàng đồng loạt giảm mạnh,https://dantri.com.vn/kinh-doanh/gia-vang-dong-loat-giam-manh-20181128104736846.htm
Giá vàng tăng hay giảm tuần này?,https://dantri.com.vn/kinh-doanh/gia-vang-tang-hay-giam-tuan-nay-20220124074748237.htm
Giá vàng đồng loạt đi lên,https://dantri.com.vn/kinh-doanh/gia-vang-dong-loat-di-len-20240520215050499.htm
Giá vàng thế giới quay đầu giảm,https://dantri.com.vn/kinh-doanh/gia-vang-the-gioi-quay-dau-giam-20221118072155293.htm
Giá vàng lại tăng vọt,https://dantri.com.vn/kinh-doanh/gia-vang-lai-tang-vot-20160702100944459.htm
Giá vàng SJC bỗng dưng đứng im,https://dantri.com.vn/kinh-doanh/gia-vang-sjc-bong-dung-dung-im-20220518075830975.htm
Giá vàng lên cao nhất 3 tháng,https://dantri.com.vn/kinh-doanh/gia-vang-len-cao-nhat-3-thang-20221106002244219.htm
"Giá vàng lao dốc, ồ ạt xả hàng",https://dantri.com.vn/kinh-doanh/gia-vang-lao-doc-o-at-xa-hang-20210226093751322.htm
"Giá vàng vọt tăng, USD vẫn chững",https://dantri.com.vn/kinh-doanh/gia-vang-vot-tang-usd-van-chung-20230105014424213.htm
Giá vàng lại thủng mốc quan trọng,https://dantri.com.vn/kinh-doanh/gia-vang-lai-thung-moc-quan-trong-20230418071120894.htm
Giá vàng tiếp tục giảm sâu,https://dantri.com.vn/kinh-doanh/gia-vang-tiep-tuc-giam-sau-20181030150933567.htm
"Giá vàng đảo chiều, bật tăng mạnh mẽ",https://dantri.com.vn/kinh-doanh/gia-vang-dao-chieu-bat-tang-manh-me-20201113084718877.htm
"Giá vàng tiếp tục đứng im, giá USD tự do mất mốc 26.000 đồng",https://dantri.com.vn/kinh-doanh/gia-vang-tiep-tuc-dung-im-gia-usd-tu-do-mat-moc-26000-dong-20240701064044067.htm
Giá vàng tăng vượt 70 triệu đồng/lượng,https://dantri.com.vn/kinh-doanh/gia-vang-tang-vuot-70-trieu-dongluong-20231109065759747.htm
"Giá vàng tăng, áp lực bán mạnh",https://dantri.com.vn/kinh-doanh/gia-vang-tang-ap-luc-ban-manh-20211214074110163.htm
Giá vàng bất ngờ tăng vọt,https://dantri.com.vn/kinh-doanh/gia-vang-bat-ngo-tang-vot-20180419141827551.htm
Giá vàng bất ngờ tăng mạnh,https://dantri.com.vn/kinh-doanh/gia-vang-bat-ngo-tang-manh-20181023155935803.htm
Giá vàng đột ngột giảm mạnh,https://dantri.com.vn/kinh-doanh/gia-vang-dot-ngot-giam-manh-20180207143521699.htm
Giá vàng đồng loạt giảm,https://dantri.com.vn/kinh-doanh/gia-vang-dong-loat-giam-20161027095307278.htm
Giá vàng trồi sụt trước Tết Nguyên đán,https://dantri.com.vn/kinh-doanh/gia-vang-troi-sut-truoc-tet-nguyen-dan-20240125233958959.htm
Giá vàng có thể tăng mạnh tuần này?,https://dantri.com.vn/kinh-doanh/gia-vang-co-the-tang-manh-tuan-nay-20231119235627563.htm
Giá vàng tăng cao nhất 3 tuần,https://dantri.com.vn/kinh-doanh/gia-vang-tang-cao-nhat-3-tuan-20190323092917396.htm
"Giá vàng tăng, dự báo đạt mức đỉnh mới",https://dantri.com.vn/kinh-doanh/gia-vang-tang-du-bao-dat-muc-dinh-moi-20211025074806367.htm
Giá vàng bất ngờ sụt giảm,https://dantri.com.vn/kinh-doanh/gia-vang-bat-ngo-sut-giam-20181029163317709.htm
Giá vàng vẫn trên 70 triệu đồng/lượng,https://dantri.com.vn/kinh-doanh/gia-vang-van-tren-70-trieu-dongluong-20231110065647182.htm
Giá vàng bất ngờ tăng vọt,https://dantri.com.vn/kinh-doanh/gia-vang-bat-ngo-tang-vot-20180914130451164.htm
"Sau tin thanh tra toàn thị trường, giá vàng ra sao?",https://dantri.com.vn/kinh-doanh/sau-tin-thanh-tra-toan-thi-truong-gia-vang-ra-sao-20240518072609836.htm
Giá vàng ngày 26/8 trồi sụt thất thường,https://dantri.com.vn/kinh-doanh/gia-vang-ngay-268-troi-sut-that-thuong-20230826002923714.htm
Giá vàng đi lên trong bao lâu?,https://dantri.com.vn/kinh-doanh/gia-vang-di-len-trong-bao-lau-20220824075313975.htm
"Chốt năm Quý Mão, giá vàng tăng ra sao?",https://dantri.com.vn/kinh-doanh/chot-nam-quy-mao-gia-vang-tang-ra-sao-20240208005157012.htm
Giá vàng sẽ tăng tiếp trong tuần này?,https://dantri.com.vn/kinh-doanh/gia-vang-se-tang-tiep-trong-tuan-nay-20230116022508620.htm
Giá vàng đi xuống,https://dantri.com.vn/kinh-doanh/gia-vang-di-xuong-1408618331.htm
Giá vàng tăng nhanh trở lại,https://dantri.com.vn/kinh-doanh/gia-vang-tang-nhanh-tro-lai-20170216092827848.htm
Giá vàng ngày 24/8 tăng dữ dội,https://dantri.com.vn/kinh-doanh/gia-vang-ngay-248-tang-du-doi-20230824074528851.htm
"Giá vàng vọt tăng, USD rớt mạnh",https://dantri.com.vn/kinh-doanh/gia-vang-vot-tang-usd-rot-manh-20230104020444652.htm
Giá vàng sẽ tăng hay giảm trong tuần này?,https://dantri.com.vn/kinh-doanh/gia-vang-se-tang-hay-giam-trong-tuan-nay-20220321072853196.htm
"Giá vàng đứng im 17 phiên liên tiếp, giá thế giới về 2.300 USD",https://dantri.com.vn/kinh-doanh/gia-vang-dung-im-17-phien-lien-tiep-gia-the-gioi-ve-2300-usd-20240627003840613.htm
"Giá vàng giảm chóng mặt, lùi xa ngưỡng 2.000 USD",https://dantri.com.vn/kinh-doanh/gia-vang-giam-chong-mat-lui-xa-nguong-2000-usd-20231101065043700.htm
Diễn biến lạ của giá vàng ngày vía Thần Tài,https://dantri.com.vn/kinh-doanh/dien-bien-la-cua-gia-vang-ngay-via-than-tai-20240219062524673.htm
Giá vàng đột ngột giảm mạnh,https://dantri.com.vn/kinh-doanh/gia-vang-dot-ngot-giam-manh-20180718135340923.htm
"Giá vàng lình xình, giá USD tự do lập đỉnh kỷ lục 26.030 đồng",https://dantri.com.vn/kinh-doanh/gia-vang-linh-xinh-gia-usd-tu-do-lap-dinh-ky-luc-26030-dong-20240628072812604.htm
Khó đoán giá vàng,https://dantri.com.vn/kinh-doanh/kho-doan-gia-vang-1392324552.htm
Giá vàng tiếp tục đi xuống,https://dantri.com.vn/kinh-doanh/gia-vang-tiep-tuc-di-xuong-20170529091220916.htm